props_outliers,FDR_KFC,FDR_family,err_KFC,err_family,amps,power_KFC,power_family,err_power_KFC,err_power_family
0.1,0.0,0.020857142857142855,0.0,0.07455926434874982,2.0,0.0,0.0,0.0,0.0
0.2,0.01401010101010101,0.012701631701631704,0.04235989709079449,0.04682726087958454,2.5,0.006999999999999999,0.0,0.0696491205974634,0.0
0.3,0.0070549450549450545,0.030218031968031966,0.030755605739649795,0.05160806463799395,3.0,0.059000000000000004,0.038000000000000006,0.20449694374244323,0.14126570709128242
0.4,0.013288667172181103,0.02128582932375502,0.028557492324970388,0.034643211773721344,3.5,0.142,0.07,0.31974364731765975,0.21517434791350012
,,,,,4.0,0.293,0.166,0.4221978209323208,0.3244133166194014
